{"cameraMode":{"drawMode":0,"name":"Shaded","section":"Shading Mode"},"sceneLighting":true,"audioPlay":false,"sceneViewState":{"m_AlwaysRefresh":false,"showFog":true,"showSkybox":true,"showFlares":true,"showImageEffects":true,"showParticleSystems":true,"showVisualEffectGraphs":true,"m_FxEnabled":true},"in2DMode":false,"pivot":{"x":3.056328296661377,"y":333.72479248046877,"z":71.30469512939453},"rotation":{"x":-0.08805077522993088,"y":0.033161599189043048,"z":-0.0029360870830714704,"w":-0.9955992102622986},"size":124.14068603515625,"orthographic":false}