{"cameraMode":{"drawMode":0,"name":"Shaded","section":"Shading Mode"},"sceneLighting":false,"audioPlay":false,"sceneViewState":{"m_AlwaysRefresh":false,"showFog":true,"showSkybox":false,"showFlares":true,"showImageEffects":true,"showParticleSystems":true,"showVisualEffectGraphs":true,"m_FxEnabled":true},"in2DMode":false,"pivot":{"x":0.05250623822212219,"y":5.489999771118164,"z":-1.7881393432617188e-7},"rotation":{"x":-0.19390292465686799,"y":0.6409733295440674,"z":-0.17203041911125184,"w":-0.7224695682525635},"size":0.8867346048355103,"orthographic":false}